2022-01-03,122.685961,123.859513,122.10913,151.82,154.74,151.8,208.05,211.0,207.95,61.9,63.1,61.9,47.385,47.87,47.2,88.91,91.75,88.74
2022-01-04,124.217546,124.714814,123.242901,154.32,156.82,153.4,210.45,216.05,210.3,62.83,65.59,62.79,47.7,48.54,47.61,91.89,94.24,91.19
2022-01-05,122.805305,124.635252,122.288147,155.08,157.96,155.08,217.0,217.0,215.55,65.87,67.14,65.4,48.56,48.81,48.38,94.5,96.39,93.94
2022-01-06,121.671534,122.64618,119.881369,155.4,155.94,153.62,216.35,220.4,214.9,65.21,66.38,65.03,48.3,48.785,48.0,94.7,97.32,94.61
2022-01-07,120.637217,121.094703,119.563118,153.62,154.12,151.24,220.75,222.55,219.65,65.68,66.28,65.44,48.255,48.81,47.67,96.0,96.53,95.02
2022-01-10,121.214048,121.890332,119.921151,152.08,152.26,147.18,223.0,224.7,222.7,66.48,66.54,65.87,48.965,50.15,48.855,98.49,99.04,96.43
2022-01-11,121.27372,122.92465,120.557654,148.72,150.76,148.52,224.85,225.8,223.35,66.62,67.25,66.47,50.28,51.31,50.19,97.99,98.2,96.56
2022-01-12,122.566617,122.725742,120.955468,152.0,153.34,151.26,226.05,226.4,224.3,67.0,67.34,66.59,51.81,51.89,51.08,98.6,98.93,97.12
2022-01-13,120.816233,120.975359,118.78738,152.26,152.84,149.72,225.85,227.4,224.95,66.9,67.75,66.63,50.94,51.25,50.4,97.38,99.3,97.26
2022-01-14,119.841588,122.864977,117.613827,149.82,150.2,145.6,225.3,227.35,224.8,67.28,68.13,67.26,50.75,52.64,50.71,98.83,100.42,98.72
2022-01-17,120.756561,122.029567,119.742134,147.12,147.74,145.78,227.2,227.85,225.75,68.24,68.47,67.98,52.92,53.04,52.21,99.88,100.06,98.55
2022-01-18,121.094703,121.094703,118.707817,145.5,145.68,142.46,225.95,226.9,224.85,67.94,68.23,67.39,52.58,53.03,51.73,98.37,99.67,97.34
2022-01-19,118.489019,121.333392,118.349784,141.8,145.3,141.02,224.5,225.85,223.2,67.18,68.32,67.04,51.54,52.34,51.11,98.39,99.35,97.54
2022-01-20,120.955468,122.487054,120.060386,144.76,147.2,143.7,223.15,224.8,221.05,67.8,68.14,67.07,52.04,52.78,51.93,96.64,98.03,95.8
2022-01-21,120.338856,121.393064,119.682462,146.0,146.34,142.84,222.5,223.1,218.95,66.54,66.71,65.42,52.21,52.51,51.1,95.2,95.56,93.97
2022-01-24,118.986287,119.662572,115.366176,143.04,144.6,136.56,220.9,222.4,214.35,65.74,66.24,63.46,51.29,52.04,50.0,95.0,96.4,90.8
2022-01-25,116.340821,116.499947,114.590438,139.26,139.38,136.18,217.8,220.75,216.3,65.04,65.91,64.34,50.35,50.99,49.89,92.65,93.2,90.94
2022-01-26,116.400493,118.051423,116.261258,139.8,142.9,139.5,222.0,225.45,221.8,65.94,67.98,65.94,51.23,51.87,51.15,92.84,94.91,92.69
2022-01-27,113.377104,113.874372,106.992183,137.82,141.3,137.42,223.25,229.85,221.9,66.51,68.98,66.43,51.14,52.81,51.09,93.01,95.16,92.91
2022-01-28,109.697321,109.756993,106.07721,139.68,140.84,136.84,227.5,227.9,224.8,68.1,68.51,67.38,52.5,52.83,51.9,94.0,94.03,90.19
2022-01-31,109.180162,109.936009,107.350216,139.96,142.02,138.98,229.65,230.05,226.05,68.9,69.02,67.18,54.24,54.28,53.24,93.38,93.71,92.15
2022-02-01,111.169234,113.038962,110.532731,141.18,142.94,140.94,228.1,228.7,225.85,67.89,68.48,67.52,53.88,54.31,53.38,93.21,94.39,93.02
2022-02-02,112.780382,113.237869,111.427813,141.74,142.42,140.52,226.85,228.6,226.05,68.25,68.68,67.79,54.0,54.59,53.61,94.5,94.82,93.41
2022-02-03,110.532731,110.79131,108.28508,139.58,139.8,136.68,227.1,227.95,225.15,67.87,68.21,67.28,53.8,53.91,52.96,93.37,94.67,93.24
2022-02-04,108.265189,109.657539,107.807702,137.5,137.98,132.84,226.4,226.6,220.05,67.66,67.86,66.32,53.24,53.4,52.51,94.36,94.36,89.06
2022-02-07,109.39896,111.487486,109.080708,134.06,136.06,133.28,224.1,226.05,222.9,67.02,67.07,66.35,52.87,53.27,52.42,90.29,90.9,89.81
2022-02-08,110.552622,110.592403,108.623222,136.38,137.68,135.86,227.85,230.5,226.95,67.14,68.56,67.06,53.33,53.51,52.61,89.76,91.87,89.42
2022-02-09,109.637649,110.731638,108.623222,136.86,139.58,136.72,230.85,232.5,229.35,68.33,69.06,67.92,52.83,53.38,52.65,90.6,93.95,90.2
2022-02-10,109.39896,109.776884,107.628686,148.0,149.26,144.56,231.65,232.45,229.0,68.67,69.15,68.34,53.56,55.02,53.5,93.11,93.65,92.44
2022-02-11,107.529232,108.344752,106.852948,140.68,143.8,140.04,227.45,230.1,226.95,68.32,68.93,68.0,54.28,54.64,53.75,91.59,95.73,90.97
2022-02-14,104.645078,104.923548,102.536662,137.96,140.88,135.06,223.4,224.4,218.55,67.0,67.2,65.66,52.85,53.37,51.85,92.42,93.11,90.79
2022-02-15,104.127919,106.156773,103.829558,139.0,143.6,138.64,221.95,226.35,220.85,66.16,68.41,66.05,52.61,53.95,52.6,92.43,94.99,91.94
2022-02-16,105.739068,106.35568,104.187591,143.02,144.98,141.9,227.0,227.55,224.15,68.3,68.95,68.17,53.98,54.28,53.75,94.92,96.02,93.34
2022-02-17,104.446171,105.480488,104.14781,142.46,143.46,138.96,224.0,224.25,220.2,68.28,68.64,67.42,54.03,54.4,53.42,94.73,97.23,94.57
2022-02-18,103.511307,104.505843,101.701251,139.38,139.68,135.28,219.65,222.25,213.05,67.8,68.43,66.7,54.81,55.74,53.87,96.36,97.6,94.95
2022-02-21,102.437208,103.232837,99.17513,137.72,138.28,131.68,216.3,216.7,206.75,67.78,68.02,65.41,54.5,54.79,52.92,96.61,96.93,91.49
2022-02-22,97.464528,100.368573,96.738517,129.0,133.64,127.8,201.6,207.6,200.0,63.56,65.71,63.01,51.5,52.69,50.89,89.63,92.31,89.44
2022-02-23,100.189557,101.005076,98.996113,131.9,134.68,131.18,207.85,209.65,204.8,65.56,66.15,64.78,52.75,53.84,52.7,91.0,93.82,90.95
2022-02-24,94.48092,98.459064,93.963761,123.24,126.3,120.84,198.0,203.1,197.2,61.96,63.05,60.4,50.87,51.5,50.09,87.25,88.87,84.15
2022-02-25,99.4536,101.024967,98.011523,125.24,129.72,123.38,204.1,207.6,199.74,60.25,60.65,58.06,50.94,52.98,50.79,86.38,88.14,84.13
2022-02-28,98.648026,100.945404,98.459064,125.9,127.38,123.34,202.3,203.95,198.96,58.43,59.65,56.68,51.3,51.82,50.77,85.04,86.56,83.22
2022-03-01,100.229338,100.28901,97.424747,125.0,126.36,120.46,202.6,204.15,195.64,57.38,58.99,55.52,52.36,53.89,51.35,86.16,87.5,82.07
2022-03-02,97.981687,101.184093,97.971741,118.28,125.38,117.04,195.0,199.6,192.62,55.01,57.69,54.57,52.45,54.25,52.45,80.33,82.07,79.31
2022-03-03,99.214911,100.786278,98.608244,124.34,125.64,121.1,197.32,200.1,195.74,57.34,57.48,54.83,53.88,54.75,53.44,80.6,81.01,76.88
2022-03-04,96.847916,98.498845,96.241249,119.52,120.74,113.0,192.8,192.8,187.06,54.36,54.36,51.2,53.28,53.38,50.94,75.6,76.48,72.49
2022-03-07,94.48092,98.717643,94.451084,107.9,116.6,105.92,183.48,187.96,178.3,49.2,50.01,47.23,49.68,51.55,48.67,69.66,72.87,67.58
2022-03-08,96.072178,98.578408,95.157204,111.38,118.5,111.38,180.7,191.84,180.5,47.88,50.62,47.515,50.22,51.66,50.12,69.3,73.2,68.8
2022-03-09,97.673381,100.865841,97.056768,120.26,127.72,118.88,195.82,201.7,194.26,51.68,55.07,51.04,52.9,53.77,52.5,74.01,76.25,72.45
2022-03-10,99.652507,99.73207,97.126386,126.6,127.22,122.0,199.0,201.5,195.8,55.07,55.12,52.5,53.81,54.56,52.99,76.26,76.74,70.22
2022-03-11,97.573927,101.223874,97.007041,123.74,129.92,123.16,198.38,211.55,197.92,53.13,55.54,52.77,53.77,56.11,53.57,72.92,75.46,72.0
2022-03-14,99.4536,101.542126,98.757425,129.68,132.4,128.2,208.0,212.65,207.7,55.2,56.06,54.34,56.23,56.74,55.54,74.64,76.37,73.98
2022-03-15,99.712179,100.706715,98.4889,127.5,129.24,124.8,207.2,210.25,205.3,54.2,54.41,52.84,55.22,56.18,54.61,73.63,75.78,71.7
2022-03-16,101.920049,103.232837,101.283546,132.62,136.42,130.34,214.2,217.5,212.6,55.62,55.86,54.0,57.1,57.26,56.43,77.54,79.28,76.18
2022-03-17,103.749996,103.829558,102.099066,136.3,138.08,132.44,215.95,216.55,211.6,55.55,55.64,53.47,57.0,57.85,56.61,79.34,79.4,75.51
2022-03-18,103.232837,103.252728,100.686825,136.02,136.28,132.18,212.4,214.1,210.05,54.23,54.82,53.48,57.56,58.01,57.1,76.2,76.66,74.75
2022-03-21,100.945404,102.417317,100.229338,135.6,136.18,131.9,211.9,214.3,211.7,54.12,55.01,54.0,57.9,59.16,57.75,76.24,77.97,75.74
2022-03-22,100.985185,101.93994,100.149775,132.78,134.86,132.56,212.85,216.95,212.6,54.47,55.22,54.33,58.91,59.36,58.72,78.35,79.76,77.35
2022-03-23,101.601798,102.437208,99.73207,133.08,134.06,129.38,215.35,215.9,212.35,54.9,55.1,53.25,59.02,59.73,58.98,80.34,80.8,77.85
2022-03-24,100.766388,100.766388,99.095567,131.08,131.72,129.52,212.6,213.75,211.65,53.12,53.6,52.08,59.2,59.94,59.18,78.31,79.01,77.32
2022-03-25,99.632616,101.502344,99.473491,130.18,130.7,127.32,212.1,214.35,210.45,52.64,52.64,51.61,59.93,60.95,59.33,78.0,78.46,77.2
2022-03-28,100.169666,101.502344,99.930977,128.4,132.1,128.4,214.1,218.6,214.1,52.94,53.93,52.25,61.61,62.71,60.78,78.1,79.95,78.04
2022-03-29,101.840486,103.61076,101.343218,131.24,135.56,130.94,217.3,220.45,216.4,53.5,55.52,53.42,61.28,61.97,60.72,79.83,83.47,79.18
2022-03-30,102.735569,102.77535,100.786278,133.02,133.58,129.68,217.65,218.15,215.1,54.53,54.61,52.91,61.46,61.87,61.2,81.7,82.16,80.12
2022-03-31,101.462563,103.212946,100.468027,131.06,131.7,125.66,217.9,218.45,216.05,53.63,54.24,51.3,61.8,62.63,61.74,81.3,81.71,78.41
2022-04-01,100.54759,100.706715,99.204966,126.36,127.0,125.1,217.5,219.65,216.85,52.08,52.82,51.91,61.95,63.17,61.94,78.51,80.13,78.34
2022-04-04,99.513272,101.581907,97.961796,126.44,126.7,123.46,218.6,218.85,215.7,52.13,52.15,51.13,65.0,65.24,64.36,79.6,80.17,77.97
2022-04-05,101.780814,102.49688,100.169666,124.42,125.48,121.06,215.9,217.65,214.6,51.82,52.35,50.76,65.0,65.5,64.59,79.74,80.62,77.79
2022-04-06,101.323328,102.118956,99.493381,121.02,121.74,116.76,215.85,217.65,213.05,51.06,51.26,49.725,64.95,65.63,64.71,77.88,78.06,74.85
2022-04-07,99.851414,100.090103,98.916551,117.98,118.0,115.54,215.55,216.6,212.9,50.6,51.65,50.34,65.66,66.37,65.13,76.54,77.92,75.67
2022-04-08,99.930977,100.348682,98.866824,118.1,118.96,116.88,216.15,217.65,215.6,50.97,51.63,50.66,66.41,66.84,65.86,77.2,77.73,76.26
2022-04-11,98.508791,99.403873,98.021468,116.78,118.58,116.06,216.5,220.55,216.4,51.24,52.84,50.67,66.42,67.73,66.4,76.1,76.93,75.11
2022-04-12,97.464528,98.270102,96.469992,114.64,117.24,113.44,216.4,219.2,214.65,50.83,52.35,50.55,66.81,67.79,66.38,74.85,76.97,74.28
2022-04-13,97.196003,97.196003,95.505292,115.32,116.64,114.66,218.0,219.55,216.1,51.37,51.53,50.79,67.59,67.99,66.39,76.0,76.3,75.04
2022-04-14,96.83797,97.663435,96.201467,117.3,117.32,115.08,217.6,219.5,216.95,51.57,52.15,51.17,67.7,67.83,67.11,76.36,77.16,75.82
2022-04-19,95.495347,96.658954,94.789226,116.06,117.62,114.9,220.15,220.15,217.05,51.8,52.6,51.46,66.19,67.26,66.03,76.46,78.25,75.89
2022-04-20,95.435675,98.110976,95.415784,116.74,120.72,115.98,219.0,221.2,218.45,52.7,53.13,52.32,66.0,66.26,63.74,78.54,80.19,78.09
2022-04-21,98.071195,99.533163,97.703217,120.86,124.86,120.12,221.35,224.55,220.8,53.28,54.18,53.14,65.35,66.67,64.95,79.39,80.72,78.68
2022-04-22,96.042342,97.384965,93.526165,120.74,121.7,118.24,220.4,221.85,219.1,53.5,53.8,52.32,65.75,66.6,65.68,78.99,79.89,78.52
2022-04-25,94.461029,96.211413,94.291958,115.88,117.7,114.78,215.4,217.4,212.45,52.0,52.38,51.41,65.1,65.51,64.34,76.7,78.31,76.5
2022-04-26,96.350648,96.778298,93.814581,117.2,117.68,112.78,215.45,216.8,213.25,52.51,52.58,50.55,65.52,65.7,63.76,78.56,79.01,76.19
2022-04-27,94.361576,95.206931,93.347149,112.8,114.5,111.5,212.0,213.65,210.2,50.56,50.96,48.99,63.56,64.09,62.31,76.28,77.79,75.46
2022-04-28,94.35163,96.330757,94.20245,115.74,117.7,114.64,215.1,218.65,212.45,51.0,51.98,50.21,62.8,63.17,61.13,77.5,79.08,76.7
2022-04-29,97.146276,98.200485,96.589336,117.1,118.8,116.76,216.25,216.85,214.0,51.51,51.51,50.13,62.4,63.06,62.21,78.58,78.97,77.77
2022-05-02,95.57491,96.450101,94.838953,116.2,116.9,114.38,215.2,216.15,213.5,47.5,48.245,47.12,60.6,61.3,59.96,77.74,78.45,74.36
2022-05-03,96.847916,96.927479,93.894144,115.24,116.66,113.04,216.65,217.45,215.2,47.55,47.93,46.61,60.3,61.17,60.3,78.21,79.98,77.87
2022-05-04,94.023433,94.291958,92.929444,114.5,116.9,113.78,217.0,217.0,213.55,48.0,49.655,47.825,60.87,62.0,60.66,80.27,80.7,79.47
2022-05-05,95.893161,96.768353,94.282013,118.5,120.18,115.94,208.75,208.75,199.04,49.94,50.07,47.385,61.85,61.89,60.33,81.65,83.0,77.77
2022-05-06,93.884198,94.063215,89.836437,115.58,116.76,113.82,199.92,200.6,195.64,47.27,48.22,46.845,60.29,60.62,59.48,78.3,80.03,77.46
2022-05-09,90.104962,91.30835,89.478404,113.6,114.88,111.64,195.02,196.18,191.18,47.3,47.695,46.465,59.82,60.47,58.69,79.2,79.87,77.62
2022-05-10,92.054252,92.670864,90.642011,113.72,116.96,113.22,194.5,196.06,192.54,48.04,49.315,48.005,59.89,62.51,57.89,78.99,79.73,78.1
2022-05-11,91.368022,92.561466,90.055235,115.16,116.8,113.18,196.94,205.65,195.88,48.795,49.765,48.32,57.37,59.13,55.28,79.02,82.73,78.6
2022-05-12,90.224306,93.416766,90.174579,111.0,115.12,108.14,202.0,203.35,196.74,48.63,49.27,47.88,57.31,60.67,57.07,75.6,76.12,74.26
2022-05-13,94.152723,94.461029,93.028897,114.24,116.64,114.0,199.9,200.95,198.02,49.5,49.595,48.455,60.69,61.99,60.16,76.86,77.87,75.7
2022-05-16,94.023433,94.252177,92.342668,115.98,116.92,112.02,199.86,200.7,197.4,49.28,49.43,48.765,61.5,63.21,60.78,77.43,78.34,76.64
2022-05-17,93.317313,94.510756,92.362558,114.9,117.42,114.26,199.54,202.6,198.54,49.86,51.03,49.785,64.1,64.12,63.17,78.65,79.5,78.06
2022-05-18,92.969225,93.466493,91.000044,116.68,117.0,113.14,202.35,203.1,200.2,50.85,50.94,49.805,64.15,64.48,63.71,78.97,79.61,78.02
2022-05-19,88.0,90.43,86.81,112.1,112.46,109.74,198.16,199.12,194.34,49.31,49.335,48.13,63.23,63.74,63.01,76.6,77.84,75.58
2022-05-20,90.52,92.64,90.21,113.8,117.32,113.52,197.06,198.98,195.32,49.32,49.8,48.67,63.73,64.55,63.69,78.61,79.18,77.24
2022-05-23,93.46,93.52,92.23,117.1,118.34,115.2,198.72,199.38,197.04,49.765,49.86,48.965,64.4,64.54,63.76,78.65,78.83,77.06
2022-05-24,92.65,93.68,91.98,115.4,116.34,113.96,197.6,199.56,196.96,49.225,49.365,48.5,63.89,64.31,63.29,77.34,78.54,77.29
2022-05-25,92.11,92.15,90.02,115.36,115.7,112.8,199.82,200.85,197.46,49.295,49.77,48.62,63.51,64.19,63.35,78.63,78.93,77.39
2022-05-26,90.89,91.78,90.41,115.2,118.88,115.02,198.0,199.24,197.26,49.555,50.95,49.49,64.48,65.98,64.37,79.19,80.43,78.57
2022-05-27,92.5,93.99,92.42,119.22,122.9,119.22,199.42,200.5,197.94,50.73,51.17,50.66,65.99,66.6,65.38,80.3,80.85,79.49
2022-05-30,94.97,95.66,94.52,125.2,126.46,124.06,200.45,200.55,198.62,51.33,51.82,51.15,66.65,66.95,66.34,81.01,81.79,80.43
2022-05-31,94.74,94.74,92.14,124.58,124.72,122.14,198.5,198.9,194.58,51.3,51.89,50.98,66.32,67.08,66.21,81.32,81.64,80.17
2022-06-01,94.18,94.68,92.14,123.58,124.0,121.74,196.42,197.26,193.78,51.72,52.11,51.22,66.64,67.49,66.6,81.53,83.18,81.25
2022-06-02,93.98,94.0,92.78,123.2,125.94,123.08,194.9,196.16,193.82,51.82,52.66,51.82,66.96,67.03,65.32,82.87,84.09,82.74
2022-06-03,94.78,94.78,93.27,126.0,126.0,123.92,195.88,196.72,194.32,52.99,53.08,51.97,65.86,66.12,65.37,84.44,84.47,82.63
2022-06-06,94.3,95.6,94.11,125.32,126.24,124.66,196.76,199.1,196.08,52.62,52.73,52.18,66.31,67.24,65.83,83.61,84.05,82.66
2022-06-07,93.5,95.07,93.4,125.14,125.7,123.78,196.6,198.98,195.34,52.33,52.45,51.82,66.32,66.76,64.91,82.91,83.36,81.84
2022-06-08,94.7,94.82,93.3,125.42,125.66,122.88,196.02,196.52,191.22,52.3,52.95,52.3,66.58,66.73,65.71,82.68,84.0,82.62
2022-06-09,93.0,93.6,91.91,122.98,124.44,121.32,191.14,191.88,189.14,52.6,52.85,51.75,65.71,66.21,65.3,83.41,83.46,81.8
2022-06-10,91.37,91.8,89.03,120.8,121.22,115.06,188.5,188.5,182.0,51.61,51.61,49.63,66.04,66.16,63.27,81.96,82.26,80.19
2022-06-13,87.6,88.72,86.4,112.02,113.66,111.02,180.82,182.54,179.62,49.1,49.79,48.805,62.75,63.96,62.75,78.78,79.61,77.36
2022-06-14,88.61,88.76,86.7,112.42,112.82,109.22,183.0,184.3,181.74,49.475,49.85,48.33,63.84,64.61,63.01,78.8,78.8,76.92
2022-06-15,87.51,89.29,86.89,110.56,110.96,108.58,185.0,188.78,184.78,48.945,49.86,48.805,63.8,64.53,62.72,78.88,79.89,78.51
2022-06-16,88.65,89.0,87.74,108.6,108.88,102.12,185.66,185.94,182.46,48.47,48.47,45.37,63.43,63.57,61.54,79.45,79.46,76.54
2022-06-17,88.3,89.73,87.96,103.02,107.26,102.8,184.4,185.04,181.98,45.82,46.365,45.095,61.75,62.97,60.77,77.67,78.17,76.35
2022-06-20,89.09,89.59,88.25,104.6,104.64,102.3,184.32,186.12,183.08,45.5,45.75,44.95,62.89,63.6,62.28,78.0,78.8,77.21
2022-06-21,89.5,90.19,89.09,104.3,105.64,102.44,187.04,188.0,185.14,46.2,47.135,45.91,63.7,64.37,60.36,79.13,80.53,78.92
2022-06-22,88.26,89.96,87.23,101.08,102.66,99.82,182.4,184.5,180.72,44.235,44.37,43.205,61.15,61.46,59.04,78.12,78.84,77.01
2022-06-23,88.58,89.97,88.11,100.3,101.54,98.62,183.6,183.68,179.0,43.02,43.215,41.43,60.83,60.9,58.54,78.05,78.45,74.9
2022-06-24,89.86,92.47,89.7,99.49,103.18,99.11,179.94,182.14,179.24,41.62,42.35,41.08,58.65,58.89,56.72,75.27,75.33,72.57
2022-06-27,93.15,93.7,91.58,102.98,106.04,102.82,181.62,182.24,180.2,42.6,43.62,42.455,57.1,59.67,57.1,75.61,77.29,75.21
2022-06-28,92.17,93.02,91.08,105.24,106.54,103.9,181.92,184.74,181.92,43.1,43.715,42.975,59.68,60.44,59.39,76.63,77.74,76.34
2022-06-29,89.83,90.69,89.22,102.52,103.16,100.82,182.14,184.96,181.98,42.62,42.71,41.58,59.41,59.84,57.35,75.0,75.63,73.93
2022-06-30,87.34,87.47,84.28,99.26,99.52,96.28,181.52,182.36,179.72,41.03,41.73,39.705,57.3,57.83,56.32,73.22,73.78,70.57
2022-07-01,85.74,87.16,85.48,95.22,97.52,95.01,179.42,183.46,179.18,40.94,41.805,40.8,56.36,57.42,55.75,72.86,74.05,72.15
2022-07-04,86.79,86.98,85.44,97.07,98.51,96.42,182.92,184.36,182.48,41.665,42.095,40.96,57.94,58.08,56.95,74.47,74.57,72.28
2022-07-05,86.54,86.8,84.48,98.0,99.82,93.67,184.02,184.02,175.02,41.99,42.35,39.325,57.34,57.42,55.23,73.31,73.54,71.22
2022-07-06,86.56,88.79,86.34,95.19,97.24,95.1,176.36,177.82,173.76,40.14,40.5,39.47,55.98,57.03,55.88,72.25,72.9,71.31
2022-07-07,88.64,89.56,88.18,96.59,98.14,96.35,178.94,179.44,177.62,40.185,41.555,40.03,56.74,57.04,56.11,72.55,75.37,72.42
2022-07-08,89.23,89.6,87.97,97.73,101.52,96.73,178.24,180.48,177.58,41.125,43.25,40.82,56.34,58.08,56.18,74.15,76.69,73.6
2022-07-11,88.05,88.84,87.78,96.9,98.36,95.8,178.22,180.78,178.02,41.805,42.2,41.1,57.1,57.25,56.08,74.15,75.29,73.61
2022-07-12,87.53,87.87,86.51,95.91,97.63,94.39,177.36,179.38,174.9,41.015,42.53,40.235,55.93,56.49,55.45,73.1,74.42,72.53
2022-07-13,86.25,86.62,84.02,96.4,97.65,94.38,176.16,177.46,174.54,42.045,42.58,40.855,55.94,56.33,54.75,73.72,73.72,72.01
2022-07-14,85.29,85.77,83.84,95.78,97.76,94.58,175.6,176.4,168.2,40.26,41.3,40.14,56.05,56.21,54.23,72.99,74.13,71.35
2022-07-15,84.9,87.28,84.83,96.18,100.62,96.06,170.58,173.34,169.14,40.8,41.56,40.635,54.4,55.73,54.35,72.53,75.12,72.05
2022-07-18,87.6,88.69,87.14,101.08,102.34,100.7,174.08,176.08,173.42,42.98,43.19,42.45,55.9,56.11,55.14,75.3,76.54,74.87
2022-07-19,86.91,90.18,86.41,99.72,106.54,99.6,172.92,176.7,172.34,42.3,45.965,41.825,55.09,59.0,55.02,75.45,79.38,75.06
2022-07-20,90.19,90.72,89.29,106.52,107.56,104.92,176.6,177.38,173.54,45.01,45.305,43.515,58.5,59.36,58.34,78.13,78.6,76.04
2022-07-21,87.4,88.68,85.32,106.96,108.24,105.42,175.34,175.76,172.0,44.485,45.175,43.27,58.61,59.1,57.13,77.21,78.3,75.93
2022-07-22,88.15,93.64,87.88,106.48,107.04,104.42,174.2,175.32,173.12,43.395,43.875,42.85,57.21,57.42,56.62,76.71,77.58,76.29
2022-07-25,91.07,92.08,89.25,104.16,105.96,103.38,174.18,176.3,173.8,43.02,43.985,42.49,56.62,57.99,56.62,76.99,78.58,76.5
2022-07-26,89.57,90.6,89.08,103.88,104.1,102.16,174.16,174.66,172.78,43.1,43.175,41.85,58.03,58.43,57.13,77.61,77.69,75.44
2022-07-27,89.43,89.59,88.16,103.5,105.16,103.46,174.38,175.2,172.9,42.425,42.47,41.425,57.84,58.05,56.87,76.5,76.98,76.06
2022-07-28,89.92,89.98,88.31,105.3,106.6,104.88,174.68,175.1,172.38,42.055,42.855,41.91,57.29,57.39,56.46,77.22,78.43,77.21
2022-07-29,90.29,91.76,90.04,107.0,108.96,106.78,174.64,178.12,173.48,42.715,43.65,42.29,57.25,57.33,56.87,78.89,79.81,78.46
2022-08-01,90.73,92.13,90.46,108.3,108.52,106.86,177.54,179.86,177.46,43.335,44.02,43.025,56.97,57.5,56.61,79.93,80.76,79.59
2022-08-02,90.94,90.99,89.04,106.44,106.8,105.4,177.5,178.28,175.6,42.9,44.025,42.755,56.53,58.14,56.47,79.43,81.13,78.93
2022-08-03,90.21,92.16,89.9,105.24,107.64,104.28,176.74,179.38,176.04,43.825,44.055,43.5,58.01,58.76,57.47,78.93,79.0,75.46
2022-08-04,91.99,93.99,91.9,108.04,110.44,107.8,180.0,181.4,179.22,43.87,44.755,43.85,59.05,59.41,56.52,77.34,78.11,75.96
2022-08-05,93.12,93.53,91.88,109.12,110.16,108.54,177.32,177.64,173.9,43.595,44.2,43.52,56.9,57.04,53.26,75.84,77.24,75.56
2022-08-08,92.65,93.65,92.52,109.6,110.8,108.76,177.48,178.98,175.22,44.49,45.03,44.04,53.51,53.6,51.74,77.09,78.1,76.91
2022-08-09,92.35,92.47,91.32,108.62,109.24,106.26,177.58,179.48,177.02,44.64,44.78,43.765,52.95,53.05,51.82,78.0,78.36,76.93
2022-08-10,91.5,93.61,91.15,106.0,109.42,105.54,178.48,180.44,176.84,43.59,44.61,43.13,52.29,52.68,51.75,76.9,78.15,76.65
2022-08-11,93.7,94.47,92.24,108.84,111.16,106.8,179.24,180.06,178.3,44.5,44.69,43.245,52.2,52.4,51.36,78.4,78.4,77.02
2022-08-12,92.27,93.28,92.18,109.9,112.66,109.68,179.96,182.04,179.64,43.435,44.485,43.305,51.81,54.29,51.81,78.24,78.87,77.93
2022-08-15,92.87,93.35,92.5,111.9,112.7,110.96,181.46,181.92,177.58,44.545,44.76,43.465,54.03,54.64,53.35,78.81,78.92,77.36
2022-08-16,93.85,93.89,91.9,111.68,112.56,110.72,179.12,181.76,179.12,44.1,44.86,44.02,53.76,55.0,53.72,78.36,79.28,78.3
2022-08-17,92.3,92.83,90.98,111.46,112.5,108.24,180.44,181.04,176.98,44.83,44.865,42.685,54.42,54.46,53.26,79.4,79.62,77.29
2022-08-18,91.14,91.64,90.93,108.94,111.38,108.94,177.5,179.36,177.22,42.9,44.175,42.76,53.44,54.06,53.21,77.7,78.59,77.54
2022-08-19,90.53,92.02,90.49,109.08,110.26,107.7,177.16,177.58,174.52,43.0,43.575,42.815,53.69,54.47,53.14,77.3,77.53,75.69
2022-08-22,90.65,91.26,88.83,107.36,108.12,102.86,175.12,175.82,172.02,42.6,42.84,41.075,54.39,54.48,53.17,75.38,75.63,73.0
2022-08-23,88.71,88.99,87.95,102.86,104.3,102.5,172.02,174.7,171.96,41.135,42.265,40.93,53.13,54.13,53.12,72.82,74.75,72.69
2022-08-24,87.27,88.27,87.05,104.4,105.1,102.5,173.58,173.84,172.0,41.765,42.125,41.235,53.49,53.8,52.49,73.94,74.66,73.43
2022-08-25,87.48,88.37,87.09,105.98,106.62,104.4,174.38,174.6,172.08,42.08,42.275,41.57,53.73,54.65,53.7,74.91,75.12,73.78
2022-08-26,88.49,88.65,85.0,105.94,107.08,102.44,173.92,174.28,170.16,42.415,42.8,40.885,54.64,55.12,53.7,74.79,75.34,72.99
2022-08-29,84.21,84.83,83.88,101.82,103.68,100.92,170.1,170.7,167.6,40.68,42.56,40.205,52.58,52.78,50.31,72.63,73.76,72.06
2022-08-30,84.47,86.22,84.29,102.34,106.5,102.28,169.58,171.94,169.1,42.66,43.25,41.585,51.4,53.22,51.38,73.83,75.25,73.38
2022-08-31,85.6,86.16,84.79,104.24,104.32,101.08,170.4,170.62,168.16,42.36,42.435,41.37,51.99,52.6,51.59,74.55,75.09,73.28
2022-09-01,84.31,85.04,83.01,100.32,100.58,98.45,167.98,168.34,165.3,41.86,41.87,41.015,51.79,51.91,50.72,72.9,73.15,72.08
2022-09-02,84.97,85.37,83.25,101.18,104.88,100.8,167.4,172.58,167.12,41.87,43.165,41.47,51.75,52.66,51.25,73.7,75.41,72.96
2022-09-05,83.33,84.88,83.1,100.4,102.48,100.08,168.34,169.14,166.86,41.0,41.66,40.59,51.18,52.05,51.01,72.35,73.13,72.04
2022-09-06,84.42,86.06,84.32,102.22,104.32,102.06,168.5,170.3,167.58,41.32,42.4,41.285,52.01,52.19,51.16,72.7,73.97,72.54
2022-09-07,84.92,86.0,84.87,101.44,105.08,101.1,166.2,167.14,164.46,41.65,43.07,41.61,51.09,51.46,50.66,72.1,74.37,72.1
2022-09-08,85.88,86.45,83.85,104.86,105.9,101.48,167.3,169.42,165.08,43.11,43.235,42.005,51.4,52.0,50.22,74.14,74.44,72.24
2022-09-09,85.5,86.87,85.38,102.76,105.62,102.76,167.96,169.72,167.6,42.55,43.52,42.485,52.31,53.28,52.25,73.09,74.76,73.06
2022-09-12,86.86,88.3,86.51,105.7,108.74,105.16,170.52,176.48,170.0,44.2,45.195,44.04,53.0,54.29,52.7,74.21,75.99,74.21
2022-09-13,88.48,89.09,86.25,108.44,108.82,104.54,175.2,178.3,174.1,45.38,45.49,43.945,54.09,55.94,53.78,75.88,76.72,74.66
2022-09-14,86.13,86.72,85.21,103.62,104.34,101.8,173.1,173.68,171.48,43.845,43.985,42.265,53.55,54.59,53.5,74.6,75.26,73.88
2022-09-15,86.0,86.6,84.56,103.08,103.44,101.68,171.9,174.06,171.9,42.715,43.16,41.82,53.69,54.21,53.01,74.97,75.5,73.86
2022-09-16,84.25,84.37,83.16,100.64,101.34,99.82,173.58,175.18,172.64,41.8,41.9,41.01,52.94,53.19,52.05,73.94,74.51,72.75
2022-09-19,83.31,83.98,82.29,99.98,101.8,99.0,173.5,175.32,171.36,41.31,42.69,41.04,51.99,52.8,51.56,74.54,76.09,73.83
2022-09-20,84.0,84.25,82.53,101.0,101.78,99.18,174.96,176.26,171.0,42.49,42.68,41.47,52.7,53.04,51.92,75.84,76.84,74.57
2022-09-21,82.99,84.67,82.42,98.47,100.9,97.95,170.02,172.14,169.1,41.2,41.7,40.89,51.65,52.37,51.59,74.3,75.31,73.46
2022-09-22,82.64,84.48,82.44,98.0,101.44,97.95,169.0,174.38,168.6,40.705,41.855,40.615,51.5,52.34,51.45,73.97,75.05,73.63
2022-09-23,82.33,82.36,79.58,99.26,99.78,96.81,172.2,172.3,167.14,40.995,41.005,39.115,51.76,51.76,49.43,74.25,74.25,71.12
2022-09-26,80.98,83.82,80.98,97.57,100.06,97.51,167.0,167.9,165.04,39.5,40.52,39.5,49.8,49.835,48.31,70.88,73.25,70.59
2022-09-27,83.9,84.36,82.4,99.88,100.72,97.92,167.32,167.5,163.74,40.345,40.48,39.42,48.895,49.38,48.16,73.16,73.66,71.54
2022-09-28,81.68,83.49,81.68,96.04,99.58,95.07,161.3,162.04,156.22,39.0,39.58,37.9,47.57,48.19,47.01,70.85,71.96,70.25
2022-09-29,83.06,83.15,81.35,99.3,99.3,96.83,160.82,161.24,157.58,39.405,39.535,38.23,48.01,48.21,47.19,71.8,71.82,68.44
2022-09-30,82.1,84.34,81.95,99.38,101.42,98.92,160.34,163.16,159.9,39.125,39.825,39.005,48.09,48.57,47.025,69.83,70.51,68.78
2022-10-03,82.17,85.11,82.16,99.04,101.06,97.93,159.22,162.24,158.3,39.17,40.955,38.9,47.07,48.09,46.7,69.59,71.14,68.61
2022-10-04,86.76,88.55,86.15,102.4,106.5,102.12,163.2,167.92,162.98,41.5,42.33,41.425,48.76,48.895,48.245,72.0,73.01,71.6
2022-10-05,87.48,88.4,86.79,105.38,106.16,103.28,166.2,166.56,164.96,41.81,42.225,41.38,49.025,49.325,48.595,72.59,72.59,70.64
2022-10-06,88.13,88.68,87.45,105.08,105.6,104.26,167.18,168.36,164.02,42.205,42.435,41.2,48.785,48.845,47.665,72.12,72.95,71.61
2022-10-07,87.63,88.6,86.73,104.98,105.84,102.66,164.42,166.4,163.82,41.175,41.805,40.65,47.515,48.2,47.31,71.78,72.67,71.47
2022-10-10,85.85,87.3,85.53,101.52,105.64,101.38,163.32,166.2,163.26,40.35,43.975,40.32,47.1,47.82,47.045,70.6,72.98,70.55
2022-10-11,85.68,86.81,85.31,103.34,104.12,101.76,164.06,164.96,162.66,42.925,42.93,41.0,47.38,48.415,47.255,71.61,72.38,70.3
2022-10-12,85.99,86.66,85.3,103.06,104.06,101.52,164.92,165.32,162.86,41.56,42.745,41.265,48.575,49.655,48.465,72.34,73.34,71.43
2022-10-13,85.5,86.24,83.25,102.44,105.96,101.58,163.02,167.8,162.84,41.885,43.32,41.5,49.045,49.88,48.54,72.88,74.51,72.19
2022-10-14,87.0,89.81,86.87,106.7,107.46,103.84,169.7,170.86,167.42,43.975,44.365,43.06,49.795,49.895,48.82,75.56,76.05,74.42
2022-10-17,87.38,89.07,86.97,104.18,107.62,103.42,167.84,171.38,167.56,43.36,44.225,43.0,48.805,50.34,48.62,75.11,76.99,74.8
2022-10-18,90.0,91.58,89.54,108.62,110.18,108.06,170.62,172.4,170.1,44.57,45.595,44.25,50.5,50.68,49.65,77.0,78.86,76.5
2022-10-19,89.96,90.31,89.14,109.0,109.84,107.74,171.8,172.98,171.02,45.12,45.5,44.75,49.94,50.11,49.4,78.26,78.64,77.15
2022-10-20,88.4,89.97,88.24,107.6,108.12,106.78,171.8,173.04,171.0,44.635,45.78,44.59,49.55,50.07,49.015,77.5,78.4,76.83
2022-10-21,90.2,91.4,89.37,106.6,107.66,104.94,171.5,173.82,169.88,45.005,46.14,44.95,49.53,50.36,49.13,77.0,77.6,76.33
2022-10-24,91.52,92.47,90.51,108.52,110.92,107.1,173.88,177.52,173.88,46.465,47.1,45.605,50.19,51.34,50.07,77.99,78.66,75.74
2022-10-25,94.0,97.84,93.66,111.2,111.78,108.4,177.22,177.94,174.74,46.6,46.975,45.325,51.85,51.88,50.54,78.4,78.84,77.27
2022-10-26,95.91,98.48,95.84,111.28,112.46,110.86,176.88,178.54,176.88,45.85,47.03,44.61,50.91,52.04,50.87,78.22,79.14,77.53
2022-10-27,96.97,98.55,96.93,111.64,112.76,110.26,177.62,180.72,177.32,45.69,46.315,44.75,51.63,52.27,51.61,79.11,79.88,78.71
2022-10-28,96.83,98.01,96.28,111.0,112.6,109.78,179.04,181.46,178.48,45.465,45.75,44.885,51.75,53.12,51.75,78.54,79.73,78.12
2022-10-31,97.67,97.98,96.67,112.18,112.18,110.6,181.58,183.94,181.52,46.105,46.17,45.17,52.86,53.44,52.7,79.53,79.94,78.84
2022-11-01,97.9,98.49,96.43,111.54,113.76,111.42,183.92,185.2,183.54,45.7,46.33,45.315,53.85,54.09,53.47,79.98,81.12,79.8
2022-11-02,97.1,97.98,96.65,112.8,112.92,110.32,184.98,186.1,184.7,45.7,45.73,44.755,54.01,54.12,53.16,80.51,80.87,79.52
2022-11-03,95.92,96.34,95.08,109.0,109.72,106.9,183.5,185.88,183.46,44.61,44.885,44.19,53.15,53.62,52.47,78.31,78.5,75.06
2022-11-04,95.1,97.12,94.9,108.86,113.72,108.86,186.0,188.9,185.18,44.92,47.305,44.92,53.4,54.35,53.15,76.89,80.04,76.22
2022-11-07,95.64,97.85,95.61,112.34,114.56,112.22,187.28,191.14,187.1,46.51,47.7,46.3,53.78,54.63,53.6,79.53,81.14,79.21
2022-11-08,97.06,98.55,96.68,114.42,116.86,113.48,186.8,188.56,186.58,47.6,48.355,47.105,54.23,54.35,51.22,81.0,81.19,80.39
2022-11-09,97.03,98.17,96.92,116.28,117.6,115.34,189.48,189.48,187.7,48.2,48.205,46.95,51.13,51.51,49.55,80.79,80.87,79.37
2022-11-10,97.6,105.3,97.6,115.76,122.18,114.96,189.0,200.05,189.0,47.15,49.025,47.135,50.12,51.94,49.93,80.0,83.3,79.9
2022-11-11,105.0,106.56,104.12,121.4,123.14,121.06,200.0,201.45,198.42,49.19,50.78,48.92,51.23,51.36,50.17,83.73,84.33,83.26
2022-11-14,106.5,106.68,105.26,123.0,124.04,121.18,202.0,204.1,199.86,50.73,51.8,50.32,50.17,51.99,49.96,84.76,85.84,84.13
2022-11-15,105.72,106.9,104.36,123.94,124.0,120.72,202.7,203.4,199.02,51.4,51.66,49.8,51.5,53.71,51.5,85.27,85.44,84.3
2022-11-16,106.46,106.98,105.48,123.24,123.3,120.94,200.4,203.1,200.1,50.17,50.25,49.03,53.4,53.87,52.55,84.94,85.0,81.36
2022-11-17,106.96,108.12,106.68,127.1,131.84,127.1,203.0,203.75,198.92,49.685,49.98,48.525,52.77,52.77,51.76,83.0,83.52,81.53
2022-11-18,105.1,106.52,104.54,130.54,132.9,129.56,202.95,204.95,202.6,49.365,49.88,49.15,52.79,53.94,52.79,82.77,84.19,82.69
2022-11-21,105.52,107.28,104.9,131.6,131.88,127.4,203.35,203.9,202.6,49.5,49.565,48.39,53.48,54.56,53.48,83.91,84.3,83.53
2022-11-22,105.5,106.06,105.24,129.0,131.26,128.14,204.05,205.7,203.35,48.625,49.77,48.315,54.29,55.13,54.29,83.44,84.41,82.94
2022-11-23,106.08,106.1,105.42,130.88,131.56,129.98,205.3,205.75,204.1,49.54,49.74,48.74,54.96,55.33,54.37,84.34,84.4,82.8
2022-11-24,105.94,106.54,105.08,130.5,132.0,130.2,205.05,206.55,204.9,49.48,50.04,49.305,54.5,55.62,54.47,84.3,84.82,83.78
2022-11-25,105.6,106.24,105.5,130.92,132.2,130.26,205.6,205.75,203.85,49.91,49.955,49.325,55.65,55.8,55.17,84.52,84.52,83.51
2022-11-28,105.52,106.06,104.56,131.12,133.24,131.04,204.6,205.35,202.9,49.335,49.61,48.83,55.48,55.91,55.2,83.27,83.7,83.04
2022-11-29,105.34,105.34,102.92,131.8,133.48,131.48,204.0,206.6,203.95,49.04,49.275,48.67,55.8,56.39,55.41,83.83,84.99,83.37
2022-11-30,103.58,104.66,103.5,133.5,134.86,130.56,206.45,206.85,203.1,49.45,49.48,48.245,56.04,56.25,55.18,85.0,86.37,84.8
2022-12-01,106.28,106.7,105.2,132.96,134.12,131.8,204.7,205.2,202.15,49.035,49.145,47.655,55.25,55.57,54.3,86.62,86.71,84.42
2022-12-02,106.14,107.42,105.08,133.62,134.94,132.24,203.1,203.5,200.7,47.8,48.74,47.555,55.07,55.26,54.16,84.89,85.95,84.63
2022-12-05,105.78,105.96,104.58,134.1,135.78,133.84,202.0,204.2,201.75,48.76,48.81,47.58,54.12,54.18,53.07,85.31,86.06,85.04
2022-12-06,104.74,105.22,102.84,134.94,135.3,133.46,202.95,205.2,202.65,47.75,48.16,47.505,53.08,53.35,52.77,85.65,86.05,84.91
2022-12-07,102.68,103.4,101.64,132.8,134.06,131.82,203.55,204.95,202.85,47.6,47.86,47.23,52.85,53.07,52.45,84.9,85.79,84.36
2022-12-08,102.88,103.06,101.32,133.1,133.42,131.8,203.8,204.8,203.3,47.14,47.45,46.96,52.99,53.01,52.25,82.95,83.69,82.4
2022-12-09,102.78,103.12,101.44,132.46,133.44,131.42,204.3,205.05,202.55,47.27,47.81,47.0,52.82,53.05,52.32,83.32,84.78,82.8
2022-12-12,101.48,102.56,101.46,131.98,134.3,131.44,204.1,204.3,202.9,47.4,47.435,46.645,52.52,53.01,52.32,84.31,84.6,83.8
2022-12-13,102.3,105.96,102.28,134.66,137.04,134.48,203.95,206.35,202.9,47.0,48.0,46.705,52.39,53.2,52.21,84.76,86.25,83.73
2022-12-14,103.16,103.98,102.72,134.34,135.18,132.6,205.2,205.2,203.25,47.45,48.09,47.15,52.29,52.38,51.43,83.8,84.44,83.51
2022-12-15,102.34,103.38,99.3,131.88,132.12,126.36,203.0,203.8,198.48,46.9,46.96,45.705,51.92,52.27,50.48,83.31,83.9,82.41
2022-12-16,99.45,99.82,97.45,127.8,128.7,126.08,199.0,199.78,197.3,45.815,46.08,45.335,50.31,50.38,48.435,82.79,83.5,82.16
2022-12-19,99.17,99.92,98.79,127.32,128.2,126.76,198.36,200.05,198.12,46.0,46.26,45.52,48.64,49.09,48.63,82.97,83.96,82.92
2022-12-20,97.89,98.79,97.26,126.76,128.02,125.9,198.56,201.5,198.0,45.225,45.865,45.01,48.755,49.485,48.545,83.14,83.6,82.7
2022-12-21,98.68,99.5,98.16,128.06,129.96,127.74,200.2,204.0,199.7,45.995,46.6,45.84,49.33,49.63,48.75,83.51,84.33,82.94
2022-12-22,99.19,99.63,97.4,129.98,130.92,128.04,204.0,205.4,201.95,46.67,46.85,45.51,49.1,49.36,48.37,84.37,84.56,82.94
2022-12-23,98.0,98.12,96.92,128.78,129.76,127.94,203.1,203.2,201.45,45.895,46.38,45.65,48.47,48.81,48.355,83.36,84.03,83.08
2022-12-27,98.37,98.39,96.76,129.78,130.0,128.88,203.8,203.8,202.5,46.69,47.065,46.57,48.895,48.965,48.305,84.05,84.35,83.5
2022-12-28,97.42,97.42,96.52,130.04,130.08,128.2,203.6,203.75,202.15,46.8,47.11,46.48,48.63,48.98,48.31,84.0,84.0,82.99
2022-12-29,96.5,97.77,96.29,127.9,130.46,127.8,200.85,203.7,200.7,46.565,46.92,46.35,48.685,49.235,48.55,82.96,84.07,82.94
2022-12-30,97.34,97.34,96.12,129.26,130.34,129.0,202.05,202.65,200.9,46.655,46.77,46.39,49.13,49.28,48.325,83.55,83.79,83.24
2023-01-02,97.17,97.54,96.44,129.84,130.58,129.34,201.5,203.2,200.7,46.68,48.27,46.575,48.58,49.51,48.47,83.6,85.92,83.6
2023-01-03,97.34,99.2,97.1,131.06,132.62,130.44,202.35,205.95,202.3,48.21,49.345,48.21,48.77,49.815,48.73,85.99,87.18,85.71
2023-01-04,98.8,101.1,98.6,132.74,135.54,131.8,205.6,211.65,205.55,49.35,50.96,49.29,49.38,49.755,49.08,86.05,87.98,86.01
2023-01-05,100.14,101.94,100.14,134.92,136.26,133.98,210.8,211.05,208.75,50.94,52.17,50.82,49.45,50.38,49.325,88.0,89.28,87.56
2023-01-06,100.68,102.34,100.22,134.9,136.14,132.92,210.0,211.8,209.1,51.78,52.81,51.52,49.495,50.57,49.38,88.85,89.71,87.08
2023-01-09,103.26,104.84,102.18,136.9,138.66,136.44,213.05,215.15,212.8,52.96,53.18,52.29,50.79,53.32,50.59,89.84,90.41,89.48
2023-01-10,103.48,105.0,103.26,137.26,138.54,136.48,213.7,216.3,213.6,52.62,52.73,51.25,51.51,54.45,51.39,90.14,90.95,89.84
2023-01-11,105.0,106.64,103.8,138.5,140.68,138.2,217.1,217.1,214.2,51.84,52.47,51.41,55.1,56.28,54.7,90.7,91.78,90.33
2023-01-12,106.16,107.44,105.62,140.0,142.82,139.78,216.3,218.15,215.2,52.6,53.34,52.53,56.23,56.84,55.84,91.95,93.36,91.64
2023-01-13,107.28,108.0,106.98,142.54,143.54,141.54,217.75,219.3,216.85,53.2,53.24,52.67,56.54,57.8,56.41,92.49,92.49,90.73
2023-01-16,107.94,107.94,107.02,142.76,143.12,141.7,218.45,220.1,218.15,52.78,53.22,51.82,57.8,57.87,57.13,91.99,92.22,91.31
2023-01-17,107.06,108.28,106.18,141.88,145.26,141.76,219.5,219.6,217.95,53.09,53.38,52.72,57.42,57.69,56.78,91.99,92.56,90.52
2023-01-18,108.0,109.42,107.4,144.8,146.36,144.32,219.05,219.55,218.2,51.76,53.32,51.65,57.03,57.13,56.07,91.64,92.15,91.13
2023-01-19,108.48,108.6,106.02,144.0,144.08,140.44,217.1,219.0,217.0,52.65,52.98,52.03,56.0,56.79,55.44,90.68,90.97,89.58
2023-01-20,107.0,107.24,105.84,140.68,142.88,140.48,218.9,220.6,217.9,52.12,52.64,51.94,56.09,56.48,55.83,90.0,90.66,89.32
2023-01-23,107.62,107.96,106.48,142.42,143.96,141.88,220.9,221.85,218.8,52.59,52.8,52.25,56.64,56.68,55.63,90.31,91.68,90.02
2023-01-24,106.9,107.32,106.24,144.2,144.96,142.28,220.5,221.15,220.15,52.77,53.04,52.57,56.0,56.02,55.21,91.76,91.98,90.89
2023-01-25,106.9,107.1,105.14,143.0,143.66,142.04,221.25,221.95,219.95,53.05,53.16,52.44,55.47,55.69,55.1,91.51,91.95,91.1
2023-01-26,105.2,105.58,101.46,144.28,144.86,142.74,222.25,222.7,221.35,53.14,53.2,52.02,55.9,56.26,55.67,92.26,92.56,91.89
2023-01-27,102.78,104.96,102.4,143.0,145.14,142.88,222.0,222.5,221.15,52.91,52.92,52.43,56.18,56.62,56.01,92.79,93.32,92.39
2023-01-30,104.04,107.48,103.74,143.86,144.64,142.66,221.2,221.65,218.85,52.61,52.79,52.18,56.28,57.25,56.28,91.47,92.5,91.32
2023-01-31,106.98,108.38,106.14,143.7,143.86,142.52,221.55,221.6,218.5,52.74,52.74,52.17,56.85,57.0,56.03,91.53,93.24,91.13
2023-02-01,107.66,109.92,107.56,142.88,144.32,142.54,219.4,221.05,218.75,52.49,52.79,52.22,57.05,57.1,56.26,93.92,95.27,93.06
2023-02-02,110.0,112.74,109.9,143.96,144.38,141.1,220.95,223.0,220.5,52.97,53.93,52.83,56.65,57.05,56.09,95.08,98.49,94.58
2023-02-03,111.5,112.28,110.64,142.78,145.02,142.7,220.5,220.9,219.6,53.6,54.04,53.16,56.74,56.96,56.41,97.09,97.96,96.5
2023-02-06,111.4,112.28,111.0,144.14,144.68,142.52,220.3,220.6,218.3,53.72,53.77,52.82,56.5,59.02,56.11,97.11,98.02,96.22
2023-02-07,111.5,111.56,110.28,143.3,143.32,140.72,220.0,220.0,218.75,53.12,53.18,52.62,58.39,59.04,58.08,97.26,97.97,96.78
2023-02-08,111.44,111.48,110.32,142.0,142.36,139.64,221.25,221.85,219.9,53.44,53.62,52.77,59.47,62.89,58.43,97.5,98.47,96.55
2023-02-09,110.98,112.16,110.94,147.24,152.2,145.82,221.15,224.25,221.15,52.86,53.44,52.75,64.06,65.66,60.25,98.09,99.46,97.99
2023-02-10,110.66,110.82,109.12,145.72,148.24,144.88,221.7,221.75,218.85,52.61,52.78,51.24,60.2,61.02,58.65,99.26,99.49,97.42
2023-02-13,109.5,110.34,109.2,146.0,146.52,144.48,220.3,221.05,219.8,51.51,51.75,51.16,58.7,59.59,58.56,98.3,98.83,97.61
2023-02-14,109.96,111.32,109.8,146.52,146.74,144.68,220.9,221.5,220.15,51.75,51.82,51.04,59.82,60.91,59.8,97.95,98.52,97.4
2023-02-15,109.9,110.98,109.76,144.78,148.9,144.58,219.95,220.35,218.95,51.15,51.81,51.1,60.37,60.89,59.29,97.76,99.23,97.63
2023-02-16,111.5,111.82,109.86,148.98,149.9,146.32,220.35,221.55,219.7,51.99,52.48,51.69,60.05,60.25,58.91,99.6,99.97,98.29
2023-02-17,109.0,109.88,108.2,146.2,146.32,144.12,219.6,219.7,213.1,52.0,52.37,51.36,59.07,59.52,58.73,99.1,99.91,98.7
2023-02-20,109.56,109.68,108.62,145.44,145.76,144.38,218.9,219.8,216.65,52.45,53.39,52.4,59.44,59.57,58.68,99.92,100.52,99.62
2023-02-21,108.9,109.18,107.36,144.1,144.84,142.34,217.75,218.25,215.9,53.11,53.28,52.03,59.0,59.67,58.77,99.59,99.67,97.97
2023-02-22,108.32,108.94,107.34,142.92,144.84,142.14,216.55,217.0,214.25,52.16,52.41,51.4,58.77,59.06,58.54,98.3,98.75,97.66
2023-02-23,109.22,110.16,108.72,144.58,147.08,144.58,217.25,219.15,216.5,52.68,52.78,51.98,59.04,60.29,58.86,98.71,100.04,98.53
2023-02-24,108.96,109.72,106.92,146.46,147.06,141.46,218.25,219.45,215.2,50.8,50.95,48.07,60.01,60.27,58.62,99.86,99.92,97.19
2023-02-27,107.8,109.12,107.62,142.94,145.1,142.94,216.75,220.15,216.45,48.105,48.99,47.815,59.1,59.54,58.58,98.34,98.84,97.85
2023-02-28,108.16,108.18,107.32,143.34,145.34,142.54,218.6,223.05,218.4,47.675,48.655,47.53,57.04,57.49,55.4,97.95,98.74,97.01
2023-03-01,107.78,108.38,106.26,145.2,148.3,144.98,223.05,224.35,220.65,48.91,49.325,48.29,56.22,56.71,55.8,98.29,100.62,98.22
2023-03-02,106.14,107.5,105.42,144.16,144.88,142.82,221.3,221.75,219.5,47.37,48.435,47.215,56.0,56.9,55.67,98.89,99.35,97.59
2023-03-03,107.86,109.84,107.84,145.28,147.28,144.62,220.8,221.8,220.2,48.54,49.285,48.535,56.91,57.7,56.86,99.5,102.02,99.35
2023-03-06,109.96,113.44,109.76,147.22,147.86,147.1,221.95,223.65,221.65,49.3,49.32,48.15,57.61,57.82,57.3,101.42,101.9,100.96
2023-03-07,112.0,112.48,110.76,148.0,148.8,147.5,223.1,223.25,221.45,48.22,48.27,47.85,57.48,58.06,57.17,101.4,101.7,100.8
2023-03-08,110.24,111.28,110.1,147.74,150.06,147.72,221.25,223.05,220.7,47.67,48.51,47.43,57.31,58.77,57.27,100.76,101.68,100.42
2023-03-09,110.44,111.94,109.52,149.5,151.42,149.32,222.6,223.9,222.1,48.38,48.465,47.82,58.26,58.44,58.02,102.18,103.7,97.25
2023-03-10,109.5,111.28,109.42,148.52,149.64,146.6,219.7,220.4,217.7,47.28,47.89,47.1,57.44,57.89,56.83,96.04,98.33,96.0
2023-03-13,110.76,111.22,106.28,147.82,147.84,140.36,220.2,220.2,207.3,47.54,47.54,45.59,57.61,57.63,56.06,97.84,98.08,93.77
2023-03-14,107.94,110.54,107.92,141.86,146.04,141.2,210.95,214.5,210.05,45.89,46.545,45.565,56.36,57.73,55.98,94.65,95.87,93.3
2023-03-15,109.26,109.6,107.04,144.84,145.58,137.7,212.55,213.0,203.05,46.35,46.39,44.485,57.26,57.64,55.73,96.11,97.2,92.54
2023-03-16,109.56,112.92,108.5,140.88,141.46,137.02,208.1,208.8,200.0,45.52,45.675,44.285,56.55,56.8,55.18,96.25,96.45,93.91
2023-03-17,113.5,114.38,111.0,141.44,142.24,136.3,206.05,208.2,200.05,45.42,45.995,44.47,56.11,56.94,55.53,95.76,97.31,93.83
2023-03-20,111.54,113.78,110.38,137.78,139.9,134.66,197.2,203.6,192.48,44.96,45.61,44.045,55.8,56.53,54.89,94.85,96.13,92.37
2023-03-21,113.1,114.14,112.62,139.9,143.88,139.44,205.05,209.1,204.2,45.9,46.52,45.855,56.36,57.39,56.36,96.9,97.8,96.73
2023-03-22,114.0,114.28,113.48,142.9,146.12,142.46,208.4,210.55,207.65,46.17,47.01,46.125,57.38,57.53,56.63,97.39,98.98,97.25
2023-03-23,113.8,115.06,113.12,144.4,145.56,142.52,207.85,208.25,205.35,46.405,46.655,46.02,56.44,56.55,55.77,98.2,99.04,96.88
2023-03-24,114.76,115.4,113.3,144.74,144.76,138.98,206.8,207.15,201.1,46.24,46.245,44.985,55.9,55.9,54.8,98.63,98.63,96.28
2023-03-27,114.6,115.26,114.06,142.5,142.98,140.76,207.95,208.85,204.95,46.415,46.54,45.3,56.1,56.27,55.7,98.88,99.47,97.82
2023-03-28,114.36,114.76,113.48,142.78,143.92,142.66,207.15,208.2,204.65,46.485,46.535,45.9,56.3,57.26,56.3,99.49,99.84,98.58
2023-03-29,114.36,114.6,113.48,144.2,146.44,144.2,207.2,209.75,206.65,46.695,47.25,46.35,56.9,57.59,56.9,98.7,99.13,97.63
2023-03-30,114.94,115.54,114.62,147.0,149.18,146.82,210.0,212.8,210.0,47.415,48.26,47.355,57.33,58.1,57.27,99.17,100.8,99.14
2023-03-31,115.26,116.44,115.26,148.94,149.76,148.34,212.15,213.55,210.5,48.0,48.495,47.89,58.12,59.0,58.0,101.0,101.24,100.3
2023-04-03,116.24,116.5,115.34,148.76,149.18,147.52,213.4,213.65,212.45,48.36,49.095,48.195,58.75,59.39,58.63,101.0,101.56,100.62
2023-04-04,115.64,116.88,115.24,148.64,149.9,147.3,213.65,215.65,213.05,48.92,49.99,48.92,59.44,59.55,58.82,101.18,102.88,101.18
2023-04-05,116.6,117.68,116.24,148.8,149.1,143.18,213.75,214.15,212.35,49.105,49.225,48.16,58.68,59.71,58.6,101.5,101.8,98.72
2023-04-06,115.96,117.82,115.8,143.8,144.02,139.98,213.8,216.85,213.25,48.635,48.88,48.295,59.85,60.75,59.53,98.5,99.1,97.73
2023-04-11,117.0,117.26,115.48,143.2,144.12,142.76,216.55,217.7,216.2,48.925,49.31,48.7,60.74,61.14,60.01,99.69,101.06,99.69
2023-04-12,115.8,117.56,115.56,143.02,145.9,143.0,216.95,219.45,216.35,48.77,49.705,47.81,60.22,60.22,59.35,101.2,103.48,101.14
2023-04-13,115.92,116.24,114.48,145.0,145.74,143.28,218.0,219.7,217.8,49.615,50.3,48.525,60.14,61.18,59.94,102.58,103.22,101.82
2023-04-14,116.48,117.26,115.6,144.74,146.28,144.42,219.3,219.65,217.35,48.96,49.83,48.835,61.03,61.55,60.96,102.9,104.18,102.64
2023-04-17,116.08,116.9,115.76,146.18,147.8,146.02,219.4,219.4,215.6,49.925,50.34,49.7,61.4,61.79,61.0,104.06,104.48,102.24
2023-04-18,115.98,117.34,115.26,147.2,148.16,146.44,216.75,219.1,216.7,50.2,50.75,50.1,61.74,61.91,61.08,103.5,104.34,103.1
2023-04-19,115.78,116.98,115.58,146.82,146.92,145.86,219.4,222.0,219.0,50.52,50.92,50.26,61.4,61.57,60.88,103.92,104.04,102.88
2023-04-20,115.72,116.22,114.86,146.78,147.3,144.74,222.5,222.85,220.65,50.8,50.9,50.27,61.29,61.48,60.91,103.4,103.4,98.94
2023-04-21,114.22,122.68,113.1,145.4,146.36,143.32,222.05,223.7,221.25,50.62,50.75,49.225,60.9,61.08,59.77,100.52,101.26,99.38
2023-04-24,120.52,121.28,119.32,145.06,146.28,145.0,222.1,223.75,221.75,49.62,50.34,49.325,60.76,60.77,60.13,100.66,101.64,100.28
2023-04-25,121.74,123.12,121.36,145.9,147.7,144.86,223.1,224.1,221.8,50.2,50.34,49.67,60.27,60.64,59.97,101.3,102.02,100.96
2023-04-26,121.98,123.16,121.52,146.02,146.36,143.18,223.0,224.1,221.6,50.0,50.3,49.365,60.08,60.81,59.81,101.62,101.7,100.26
2023-04-27,121.32,123.72,120.96,146.06,148.46,144.1,223.15,226.9,223.0,49.9,50.0,47.86,60.24,60.31,59.58,101.02,102.56,100.52
2023-04-28,123.8,124.6,122.46,147.84,148.96,145.0,226.25,227.45,224.2,44.915,47.035,44.82,59.87,60.15,58.91,101.3,102.12,98.2
2023-05-02,122.68,123.78,121.74,148.92,150.94,147.1,227.75,228.4,222.0,47.0,47.47,45.175,57.7,58.06,57.09,102.0,102.68,99.92
2023-05-03,122.88,123.92,122.48,148.12,150.44,147.56,223.4,225.0,222.65,45.445,46.44,45.275,57.5,57.7,56.69,101.14,101.42,100.06
2023-05-04,123.28,123.46,120.96,148.78,149.86,147.7,224.0,224.35,220.2,46.4,46.435,45.47,57.25,58.25,57.2,102.42,103.8,100.14
2023-05-05,122.72,123.04,121.4,148.84,150.48,147.82,213.4,216.35,211.65,46.1,48.5,46.0,58.41,58.7,57.59,104.0,107.84,103.38
2023-05-08,122.32,123.76,122.24,150.7,151.18,149.72,216.5,217.35,216.05,47.485,47.485,46.66,58.51,58.59,58.01,107.54,109.84,107.36
2023-05-09,122.98,123.1,122.06,149.5,150.76,149.0,216.75,217.2,214.85,46.8,46.88,46.44,58.29,58.36,57.92,109.02,109.54,108.24
2023-05-10,122.4,123.16,122.02,150.6,151.1,147.52,215.7,216.7,211.0,46.975,47.785,46.645,58.3,58.64,58.06,109.32,109.48,107.58
2023-05-11,123.0,124.06,121.74,149.32,150.92,147.1,214.45,214.6,210.0,47.3,47.6,46.79,56.5,56.5,53.68,108.7,108.9,107.66
2023-05-12,121.0,121.74,120.76,149.68,150.22,148.8,209.7,213.6,207.45,47.1,47.24,46.765,53.53,54.65,53.48,100.18,101.12,99.25
2023-05-15,120.88,121.32,118.96,149.88,151.64,149.82,212.6,213.15,209.5,47.5,47.88,47.285,54.1,54.28,52.19,99.88,100.5,99.58
2023-05-16,120.3,121.44,120.08,149.78,151.12,149.18,210.0,210.0,208.15,47.5,47.66,46.93,53.24,54.23,53.2,99.96,100.06,98.7
2023-05-17,122.0,123.66,121.2,153.0,154.14,150.8,208.5,209.35,207.95,46.8,47.28,46.68,53.56,53.9,53.05,99.11,100.36,99.1
2023-05-18,122.1,124.12,122.1,153.88,157.96,153.52,209.15,211.35,208.95,47.135,47.79,47.12,54.11,54.55,54.04,100.5,102.82,100.48
2023-05-19,124.74,125.1,123.8,158.0,161.02,157.3,211.0,212.9,210.45,47.71,48.105,47.545,54.2,54.76,54.03,102.64,104.0,102.56
2023-05-22,124.08,124.74,123.36,158.96,158.98,157.56,212.0,212.25,210.5,47.795,47.795,47.165,54.58,54.69,53.92,103.42,104.24,103.04
2023-05-23,123.68,123.84,121.7,156.98,157.46,153.84,211.6,212.5,211.0,47.18,47.62,47.065,53.86,54.14,53.45,104.1,104.64,103.62
2023-05-24,120.9,121.38,119.72,153.5,154.0,150.82,210.0,210.4,205.05,47.18,47.18,46.135,53.71,54.2,53.67,103.9,104.36,102.12
2023-05-25,120.92,121.16,119.86,153.0,155.16,150.9,205.3,206.1,202.65,46.42,46.445,45.455,53.79,53.79,53.0,103.1,103.42,101.96
2023-05-26,121.24,122.84,120.58,154.48,157.0,153.12,206.2,207.6,202.95,46.1,46.925,45.84,53.4,54.55,53.26,103.74,104.56,102.74
2023-05-29,122.82,122.94,121.78,157.52,157.86,155.54,208.0,208.85,206.95,47.055,47.225,46.535,54.5,54.95,54.31,104.88,105.54,103.66
2023-05-30,122.08,123.46,121.86,155.94,158.78,155.16,207.05,209.05,206.7,46.74,46.895,45.885,54.24,54.48,53.42,104.4,105.36,103.96
2023-05-31,121.78,123.22,121.12,153.9,156.2,152.26,206.95,207.4,198.6,45.2,45.595,44.415,53.16,53.26,52.14,102.38,103.98,101.12
2023-06-01,122.84,123.54,121.86,154.72,156.82,154.52,201.55,204.9,200.65,44.72,45.175,44.415,52.59,52.65,51.46,102.6,103.6,102.14
2023-06-02,123.12,124.42,122.96,158.0,159.5,155.76,206.0,210.95,205.85,45.3,47.125,45.215,52.06,52.64,51.72,104.02,106.44,103.72
2023-06-05,123.54,124.26,122.72,159.48,159.66,157.28,210.3,212.1,209.8,47.0,47.15,46.335,52.81,52.81,52.12,105.98,106.44,105.42
2023-06-06,122.84,124.24,122.8,157.86,158.76,157.72,209.4,211.45,209.0,46.57,46.795,46.3,52.0,52.39,51.85,106.3,106.74,105.7
2023-06-07,123.56,124.28,122.88,158.68,159.22,156.54,210.0,210.6,207.95,46.625,46.8,46.27,52.2,52.59,52.05,106.84,106.98,105.46
2023-06-08,121.9,123.6,121.22,158.5,159.36,157.64,209.8,210.9,208.7,46.55,47.475,46.5,52.34,52.39,51.94,106.98,108.84,106.94
2023-06-09,123.62,124.06,122.46,158.76,158.8,157.66,208.8,209.45,207.15,46.65,46.66,45.645,52.0,52.01,50.89,108.44,108.92,107.86
2023-06-12,123.62,123.78,122.14,158.78,161.0,158.54,208.8,209.75,208.25,46.335,46.58,45.905,51.25,51.33,50.92,108.5,110.14,108.46
2023-06-13,125.0,125.7,123.74,161.6,164.46,161.56,208.85,209.95,207.4,46.575,46.865,46.02,51.28,51.46,50.8,110.3,112.06,110.22
2023-06-14,124.4,125.54,124.06,163.62,165.5,163.58,209.15,211.1,208.55,46.71,47.24,46.415,51.54,52.03,51.37,112.18,113.46,111.94
2023-06-15,125.14,125.44,122.9,164.74,166.26,163.9,209.55,210.05,208.55,46.79,46.79,45.805,51.74,52.01,51.62,112.68,113.0,111.58
2023-06-16,125.26,127.2,125.16,165.96,167.0,163.78,210.55,211.25,209.7,46.5,46.5,45.215,51.95,52.69,51.77,112.42,112.5,110.54
2023-06-19,125.32,125.72,124.38,164.04,164.44,162.72,209.95,211.55,209.15,45.275,45.39,43.975,52.3,52.42,51.62,111.44,111.7,110.64
2023-06-20,125.3,125.66,124.28,162.94,162.96,161.5,209.6,210.45,209.1,42.75,43.91,42.35,51.34,51.5,50.87,110.28,110.82,109.26
2023-06-21,124.02,124.42,122.78,161.72,162.8,159.76,209.05,210.45,208.65,42.525,42.665,41.94,50.87,51.26,50.63,111.1,111.86,109.7
2023-06-22,122.78,123.24,121.38,158.0,160.52,157.48,207.8,209.5,206.6,42.285,43.21,42.12,50.5,50.74,50.17,108.98,109.2,107.86
2023-06-23,123.22,123.98,122.48,157.0,158.06,154.1,208.4,209.8,207.2,42.025,42.525,41.93,50.57,50.78,50.17,109.12,109.2,107.52
2023-06-26,123.16,123.16,121.3,157.4,157.7,155.32,209.8,209.8,207.7,42.5,42.83,42.195,50.69,50.69,50.04,109.2,109.46,107.46
2023-06-27,121.44,121.7,120.58,156.4,158.04,155.98,210.15,211.45,209.65,43.2,43.58,42.74,50.31,50.46,50.16,109.5,109.82,107.54
2023-06-28,121.48,123.74,121.16,158.94,159.64,150.4,212.0,212.8,210.75,43.07,44.265,43.03,49.99,50.41,49.465,108.56,109.92,107.94
2023-06-29,123.18,124.3,122.74,151.46,152.84,149.72,211.95,212.1,211.05,44.0,44.325,43.71,50.56,50.78,50.41,109.9,111.64,109.9
2023-06-30,123.3,125.14,122.88,151.74,153.34,149.88,212.0,214.55,211.7,44.235,44.635,43.97,50.46,51.03,50.46,111.48,113.06,111.32
2023-07-03,124.46,125.6,122.7,152.8,152.86,148.02,213.75,216.05,213.4,44.75,45.24,44.585,51.05,51.42,50.48,112.9,113.12,111.96
2023-07-04,122.9,123.92,122.8,149.1,149.44,146.78,214.0,214.95,213.15,44.7,44.83,44.395,50.57,50.9,50.52,112.42,112.96,111.1
2023-07-05,122.2,123.44,122.18,146.0,147.24,145.26,211.75,212.05,206.65,44.27,44.395,43.855,50.48,50.58,50.1,110.8,112.4,110.5
2023-07-06,123.5,124.08,120.96,144.82,145.52,142.08,206.5,207.45,202.35,43.78,44.06,42.865,50.15,50.23,48.515,112.86,112.86,107.88
2023-07-07,121.18,122.38,120.64,142.1,143.72,141.72,202.85,204.85,202.7,43.055,45.33,43.035,48.57,49.125,48.275,107.9,108.44,107.04
2023-07-10,120.58,122.54,120.58,141.9,144.38,141.46,203.9,206.95,203.85,45.14,45.83,44.89,49.88,50.5,49.435,106.98,108.82,106.12
2023-07-11,123.02,123.6,122.18,145.46,146.26,144.04,206.6,208.05,206.0,45.21,45.71,44.84,49.505,49.84,49.445,107.0,107.06,105.16
2023-07-12,123.68,125.72,123.0,147.24,149.78,146.04,208.55,211.4,208.45,45.805,47.09,45.645,49.725,50.12,49.365,106.96,107.6,106.54
2023-07-13,126.38,128.36,126.04,149.4,150.72,147.52,211.1,212.75,210.15,45.8,47.135,45.665,50.0,50.78,49.88,107.76,107.8,106.82
2023-07-14,128.0,128.94,127.28,150.5,151.14,149.96,211.9,211.9,209.85,46.19,46.345,45.295,50.02,50.45,49.845,107.0,107.14,105.58
2023-07-17,127.98,128.5,126.84,149.74,150.48,148.46,210.0,211.25,209.25,45.1,45.38,44.86,50.47,50.59,50.17,106.4,107.26,106.1
2023-07-18,128.36,128.84,127.58,149.7,150.2,148.72,210.15,211.0,209.6,45.29,46.81,45.04,50.1,51.57,50.1,106.86,107.8,106.32
2023-07-19,129.0,129.54,127.62,151.0,151.16,148.36,212.0,212.8,209.5,46.77,47.21,46.755,51.62,52.09,51.05,107.42,107.62,106.14
2023-07-20,126.88,127.06,125.34,148.0,151.4,146.9,210.65,215.15,210.45,47.085,47.815,47.015,51.46,52.21,51.08,106.82,108.3,106.72
2023-07-21,121.2,122.52,119.34,151.0,151.96,150.36,215.0,215.8,214.2,47.82,47.93,47.27,52.07,52.12,51.19,107.64,108.76,107.48
2023-07-24,120.5,121.64,119.58,151.0,151.52,149.8,214.1,215.3,213.85,47.23,47.415,46.935,51.69,52.01,51.17,107.34,108.62,106.92
2023-07-25,119.72,120.56,119.04,151.08,151.8,149.92,215.95,216.45,215.3,47.43,47.78,47.16,50.0,52.41,49.82,109.32,109.36,108.14
2023-07-26,120.34,120.54,118.52,151.5,151.96,149.2,216.45,217.1,213.95,47.95,47.95,47.025,51.52,51.83,51.09,108.44,108.76,105.82
2023-07-27,119.7,123.68,119.44,150.98,155.96,150.4,216.4,218.85,216.3,47.54,47.94,47.345,51.7,52.3,51.45,107.46,109.96,105.96
2023-07-28,122.7,124.02,122.44,154.76,155.2,152.66,218.8,220.1,218.45,47.725,49.585,47.52,52.23,52.54,51.91,109.5,111.56,108.62
2023-07-31,123.5,124.92,123.3,153.82,156.32,152.94,217.5,218.7,217.4,48.92,49.46,48.705,52.5,53.69,52.49,111.34,111.76,110.68
2023-08-01,124.22,124.74,123.24,155.74,155.74,150.3,217.4,217.85,215.1,48.7,49.035,48.41,53.17,53.8,52.97,110.92,111.7,103.4
2023-08-02,123.02,123.94,122.22,147.68,148.56,146.02,214.4,214.9,211.4,47.95,48.285,47.605,52.48,52.63,52.0,103.24,106.0,102.94
2023-08-03,121.96,122.72,120.68,146.02,148.18,145.58,211.2,212.6,210.35,47.31,47.55,46.765,51.8,51.82,51.27,103.4,104.52,101.98
2023-08-04,121.2,121.88,120.04,147.16,148.94,145.96,212.1,214.5,211.1,47.18,47.27,46.46,51.75,51.9,51.11,103.32,104.46,102.78
2023-08-07,121.3,123.48,121.3,146.86,148.78,146.5,213.8,215.05,212.75,46.94,47.22,46.695,51.5,52.56,51.45,103.9,104.76,103.02
2023-08-08,122.8,123.4,121.38,147.26,147.8,145.16,213.1,215.6,211.35,46.795,47.04,46.145,51.86,53.32,51.16,103.16,104.4,101.14
2023-08-09,122.84,124.16,122.44,147.4,148.66,145.98,215.5,216.55,214.45,46.87,47.255,46.52,52.72,52.76,51.66,101.6,102.94,101.18
2023-08-10,124.02,126.52,123.8,140.2,143.16,135.72,216.3,225.0,216.3,46.88,47.555,46.74,52.36,53.02,52.18,101.6,102.6,101.38
2023-08-11,125.28,125.6,124.48,138.74,139.0,137.24,223.45,225.1,222.3,47.2,47.355,46.7,52.7,52.77,52.12,101.32,101.32,99.85
2023-08-14,125.52,127.24,125.36,137.5,139.3,137.3,223.1,224.7,222.8,46.715,46.92,46.12,52.6,52.92,52.43,99.8,100.92,98.82
2023-08-15,127.04,127.24,125.6,138.0,140.04,137.26,224.65,224.65,219.45,46.305,46.37,45.525,52.59,52.62,51.63,100.3,100.32,98.83
2023-08-16,126.18,127.32,125.98,137.1,138.12,136.74,220.85,222.65,220.3,45.55,45.91,45.425,51.56,51.69,50.59,99.19,100.6,98.73
2023-08-17,126.0,126.58,123.88,137.42,137.82,135.62,221.4,223.4,220.9,45.535,45.89,45.41,50.9,51.33,50.64,99.6,99.91,98.64
2023-08-18,124.0,124.34,122.7,134.5,135.02,133.5,221.8,222.2,219.05,45.505,45.67,45.115,51.12,51.12,50.04,98.5,98.8,97.51
2023-08-21,124.14,126.24,123.9,134.5,135.5,134.5,221.25,223.25,220.5,45.51,45.955,45.48,50.35,50.53,50.02,98.37,99.87,98.35
2023-08-22,125.68,128.44,125.4,136.0,137.22,135.64,222.15,223.35,220.7,45.935,46.755,45.745,50.15,50.6,50.06,99.7,100.62,99.5
2023-08-23,127.98,128.94,127.34,137.74,137.88,136.38,221.75,223.7,220.65,45.98,46.065,45.355,50.34,50.54,50.14,99.62,99.9,98.29
2023-08-24,129.0,129.98,125.78,138.8,139.24,135.6,223.3,224.45,222.1,45.835,45.895,45.0,50.45,50.88,49.845,99.07,99.33,96.7
2023-08-25,126.2,127.24,125.66,135.18,138.0,135.14,222.5,223.9,221.65,45.145,45.42,44.94,49.75,50.2,49.74,96.5,97.19,96.11
2023-08-28,127.6,128.2,126.56,138.02,138.54,136.6,223.6,224.95,223.15,45.33,45.45,45.06,50.28,50.52,49.97,97.4,97.55,95.64
2023-08-29,127.84,129.08,127.26,138.46,140.26,138.0,225.0,226.8,224.7,45.65,46.015,45.465,50.52,50.88,50.41,96.79,97.58,96.48
2023-08-30,128.44,128.98,127.42,140.0,140.5,138.24,226.45,226.85,224.75,46.265,46.4,45.625,50.75,50.81,50.41,97.93,98.05,96.74
2023-08-31,129.24,130.24,128.42,138.58,139.96,138.16,225.8,226.85,224.35,46.33,46.975,46.285,50.4,50.97,50.21,97.4,97.88,97.0
2023-09-01,129.02,129.68,127.94,138.9,139.5,137.5,225.3,226.75,224.1,47.0,47.45,46.885,50.49,51.1,50.49,96.93,96.97,93.78
2023-09-04,128.18,128.58,127.36,138.86,140.16,137.8,225.0,225.25,222.35,47.175,47.2,46.525,50.95,51.25,50.55,94.6,95.35,94.48
2023-09-05,127.4,128.88,127.08,137.16,138.6,136.76,221.9,223.45,220.6,46.43,46.46,45.875,50.35,50.87,50.24,94.01,96.63,93.74
2023-09-06,128.54,129.2,127.84,137.7,138.16,136.44,221.0,221.5,218.85,45.635,46.415,45.225,50.36,50.4,50.05,96.13,96.97,95.83
2023-09-07,128.72,130.48,128.48,136.18,138.12,135.92,220.9,222.55,220.25,45.56,45.635,44.88,50.07,50.47,49.99,95.65,96.34,95.02
2023-09-08,130.86,131.7,130.12,137.46,137.56,134.34,222.15,222.5,219.1,45.255,45.265,43.735,50.32,50.35,49.85,95.58,95.88,93.62
2023-09-11,131.04,131.2,128.48,135.68,137.28,135.16,223.65,224.95,223.15,44.89,45.07,44.64,50.55,51.32,50.52,96.17,96.93,96.06
2023-09-12,127.8,127.8,124.84,137.48,137.56,135.84,225.45,226.95,225.0,45.0,45.15,44.17,51.2,51.3,50.6,96.89,97.56,96.08
2023-09-13,125.8,126.7,125.48,134.98,135.48,133.78,226.7,227.7,225.3,44.17,44.94,44.14,50.08,50.08,48.325,96.4,100.0,96.3
2023-09-14,126.8,127.7,125.78,134.5,136.74,134.18,227.5,231.85,227.1,44.255,45.245,43.97,48.3,49.015,47.88,96.42,96.47,95.06
2023-09-15,128.24,129.24,126.5,138.58,139.98,138.02,232.3,234.55,232.2,45.65,46.265,45.555,49.35,49.815,49.325,97.0,98.21,96.41
2023-09-18,126.6,127.2,125.9,137.8,138.5,136.86,232.65,232.85,230.85,46.115,46.175,45.195,49.3,49.42,48.59,97.37,97.45,96.25
2023-09-19,126.16,126.36,125.22,136.76,136.82,134.16,231.8,233.4,231.3,45.2,45.525,45.15,48.345,48.935,48.32,96.87,98.08,96.7
2023-09-20,126.48,127.04,124.68,134.38,136.92,134.38,233.35,233.4,229.9,45.27,45.685,45.055,49.0,49.25,48.795,97.92,100.42,97.84
2023-09-21,124.68,125.52,123.84,134.68,135.44,133.34,229.55,230.7,228.7,45.16,45.27,42.88,48.75,48.905,47.18,99.59,100.0,98.95
2023-09-22,122.9,125.06,122.38,133.0,134.38,132.62,230.0,233.55,229.15,42.9,43.48,42.765,47.5,48.04,47.365,98.93,99.4,98.11
2023-09-25,124.9,125.3,123.28,133.0,133.94,131.26,230.8,232.5,228.45,42.865,43.225,42.35,47.435,47.475,45.825,98.44,98.9,96.79
2023-09-26,122.7,123.36,120.48,131.16,131.86,129.86,229.3,231.05,229.15,42.5,42.595,42.07,46.27,46.385,45.68,97.32,97.32,95.3
2023-09-27,121.22,122.32,120.8,129.82,135.32,129.66,230.0,230.1,226.7,42.005,42.315,41.945,45.72,46.03,45.52,95.48,97.1,95.38
2023-09-28,121.16,122.12,120.26,134.54,135.58,133.1,227.55,228.95,226.4,42.175,42.65,41.575,45.66,45.81,44.97,96.9,97.2,95.89
2023-09-29,121.76,124.14,121.7,136.04,137.72,135.66,228.35,228.85,224.4,42.96,43.415,42.685,45.405,45.83,45.36,97.34,97.68,96.33
2023-10-02,123.1,123.84,122.2,136.5,136.94,133.68,226.15,227.0,221.2,43.185,43.385,41.775,45.555,45.765,44.725,97.02,97.41,95.77
2023-10-03,122.56,123.72,121.82,133.46,134.74,132.98,221.8,223.6,220.3,41.555,42.03,41.415,44.69,44.74,43.86,95.95,96.5,95.23
2023-10-04,121.66,123.12,121.28,132.4,134.8,131.8,220.0,221.35,218.4,41.475,42.46,41.425,43.62,44.49,43.555,95.0,95.93,93.66
2023-10-05,122.22,122.86,121.74,132.5,133.3,131.62,219.95,221.85,218.55,41.72,41.8,41.2,44.36,44.535,43.625,95.17,95.62,94.17
2023-10-06,122.26,123.56,121.46,132.5,134.68,132.5,221.55,224.3,221.35,41.45,42.02,41.315,43.945,44.105,43.58,94.29,95.71,93.99
2023-10-09,123.1,123.2,121.74,133.66,134.1,131.92,221.75,223.05,220.55,40.955,41.33,40.48,43.79,43.855,43.29,95.14,95.14,93.71
2023-10-10,123.18,124.34,122.24,134.04,136.98,134.04,224.45,226.4,224.3,41.285,42.41,41.245,43.88,44.77,43.88,95.36,97.73,95.3
2023-10-11,123.8,124.84,123.64,136.76,138.46,136.36,224.6,227.6,224.55,42.25,42.61,41.9,44.76,45.46,44.66,97.14,98.7,96.5
2023-10-12,125.2,126.14,124.98,138.88,139.34,136.46,228.05,228.6,225.8,42.9,42.995,42.05,44.82,44.945,44.26,99.45,99.46,97.89
2023-10-13,125.2,125.52,121.84,136.7,136.82,133.48,226.75,226.85,222.4,42.195,42.5,41.905,44.005,44.28,43.535,98.41,99.16,97.49
2023-10-16,123.0,123.52,121.94,133.98,134.48,132.98,224.25,224.8,222.05,42.2,42.76,42.14,43.68,43.705,43.33,98.08,98.89,97.16
2023-10-17,123.1,124.2,121.7,133.6,134.98,132.54,223.7,224.95,222.5,42.445,42.6,41.77,43.41,43.565,42.18,97.95,98.54,97.28
2023-10-18,122.76,123.0,121.1,132.26,132.26,129.04,225.25,226.65,222.75,42.59,42.645,41.8,43.1,43.29,42.47,98.59,99.09,97.68
2023-10-19,125.44,129.76,125.2,128.96,130.4,128.64,221.65,221.85,218.75,41.615,41.915,41.2,42.16,42.32,41.86,96.04,96.69,95.1
2023-10-20,125.1,126.16,123.86,128.38,128.5,126.9,219.3,219.75,217.3,41.2,41.315,40.86,41.835,42.17,41.33,94.79,94.8,93.13
2023-10-23,123.8,124.66,122.46,127.6,128.32,126.62,218.35,218.7,215.75,41.005,41.225,40.375,41.58,41.615,40.27,93.6,93.75,91.71
2023-10-24,124.04,125.96,123.64,127.34,127.84,126.6,217.75,218.8,216.8,40.92,41.075,40.575,40.89,41.42,40.86,93.03,93.39,92.2
2023-10-25,125.5,125.98,124.54,127.5,128.66,126.26,218.15,220.75,218.15,40.91,41.0,40.25,41.285,41.38,40.5,92.44,92.51,90.6
2023-10-26,123.0,125.68,122.82,124.9,125.46,119.48,219.1,220.5,217.1,40.42,41.415,40.28,40.5,40.895,40.25,88.92,89.13,87.17
2023-10-27,125.26,125.64,124.28,121.68,122.76,120.74,220.15,221.9,218.6,41.48,41.865,41.175,40.8,41.215,40.51,89.03,90.61,88.26
2023-10-30,125.22,126.1,124.86,123.62,124.5,123.02,219.6,221.8,219.2,41.775,42.0,41.495,40.255,40.955,40.135,88.71,89.43,87.38
2023-10-31,125.74,126.76,125.2,124.06,125.28,123.12,221.2,222.4,220.8,42.2,43.84,41.96,40.67,41.025,40.51,87.62,87.92,86.8
2023-11-01,127.1,128.32,126.1,125.02,126.1,124.08,221.7,224.6,221.7,43.465,43.715,42.065,40.915,40.925,40.065,88.4,89.44,87.34
2023-11-02,128.48,130.84,128.28,127.38,129.34,126.54,223.45,224.4,222.75,42.48,43.94,42.465,40.555,41.41,40.46,90.0,91.54,89.66
2023-11-03,129.48,129.9,128.18,128.28,129.06,127.64,223.8,224.1,217.85,43.7,44.34,43.625,41.455,42.36,41.455,93.01,94.65,92.21
2023-11-06,128.98,129.3,128.42,128.98,129.96,128.62,220.85,221.55,220.1,43.91,43.945,42.78,42.16,42.265,41.925,94.4,94.54,92.6
2023-11-07,129.0,132.38,128.78,128.6,129.14,128.0,220.2,220.55,218.55,43.085,43.66,43.085,41.82,41.93,41.51,92.5,93.19,91.08
2023-11-08,131.26,133.18,130.86,127.96,130.6,127.54,217.5,221.3,217.15,43.125,43.65,42.72,42.5,42.575,40.145,91.1,92.64,90.71
2023-11-09,132.52,134.72,132.24,130.74,133.02,130.7,221.65,222.4,220.1,43.585,45.365,43.505,41.315,42.155,41.315,92.27,92.94,91.84
2023-11-10,133.9,135.12,133.6,132.18,132.26,130.3,220.7,230.0,219.25,44.19,44.4,43.13,41.635,41.775,40.08,91.55,91.64,90.43
2023-11-13,134.84,135.42,134.36,131.26,132.9,130.78,222.7,223.05,220.0,43.82,44.165,43.715,40.29,40.495,39.82,91.32,92.1,90.94
2023-11-14,135.12,137.32,134.5,133.36,136.98,132.64,222.0,224.9,221.3,44.235,44.91,43.54,40.1,40.92,39.56,92.6,94.41,92.4
2023-11-15,135.62,137.26,135.22,137.7,140.12,137.4,223.8,224.95,222.65,44.87,45.3,44.735,40.74,41.12,40.52,94.65,96.21,94.37
2023-11-16,136.68,137.5,136.44,147.0,148.22,144.78,224.65,227.25,224.55,44.0,44.5,43.87,40.75,40.89,40.345,95.89,96.58,94.05
2023-11-17,136.64,137.76,136.56,147.68,149.0,146.24,227.2,228.75,226.4,43.985,44.59,43.93,40.73,41.59,40.665,94.2,95.67,94.18
2023-11-20,137.22,140.1,137.16,149.0,149.0,146.72,228.9,229.6,227.85,44.59,44.59,44.07,37.9,37.94,32.6,95.43,95.8,94.96
2023-11-21,139.52,140.5,139.12,148.42,149.74,147.38,228.85,231.05,228.35,44.18,44.42,43.54,34.0,34.65,33.72,95.21,95.37,93.55
2023-11-22,139.78,142.08,139.72,147.76,150.1,147.7,231.85,232.35,230.75,43.945,44.15,43.505,33.76,34.095,32.65,93.9,94.57,93.24
2023-11-23,140.76,142.54,140.76,150.0,150.34,149.34,231.0,232.7,230.9,43.79,43.89,43.725,32.9,33.16,32.24,94.5,94.86,94.12
2023-11-24,141.6,141.86,140.54,149.8,151.08,149.62,232.75,234.05,232.1,44.74,44.825,44.245,32.95,33.15,32.47,94.0,94.16,92.95
2023-11-27,140.72,141.88,140.42,150.0,150.88,149.52,232.95,232.95,230.4,43.505,43.74,43.02,32.46,32.605,31.535,94.32,94.39,93.19
2023-11-28,141.1,142.58,140.98,150.06,151.68,149.62,229.8,231.5,228.8,43.015,43.155,42.46,31.31,31.52,30.435,92.99,93.22,92.3
2023-11-29,142.9,144.96,142.76,150.82,153.54,150.82,229.85,231.55,228.7,42.76,43.2,42.675,30.335,31.035,30.22,94.09,96.48,93.74
2023-11-30,145.0,146.62,144.6,153.0,154.3,152.92,231.9,231.9,230.0,43.0,43.12,42.295,30.875,31.515,30.35,96.5,96.94,95.56
2023-12-01,146.42,146.72,145.58,154.28,156.52,154.1,232.0,235.65,231.75,43.0,43.255,42.605,31.555,31.65,30.83,95.94,96.19,95.17
2023-12-04,145.66,147.36,145.28,155.98,157.48,155.9,234.6,235.3,233.6,43.225,43.735,43.2,31.0,31.41,30.705,95.96,96.42,94.73
2023-12-05,146.24,147.28,146.14,156.8,159.7,155.7,235.15,238.75,235.15,43.315,43.68,43.08,30.72,31.795,30.45,96.2,97.66,96.01
2023-12-06,147.8,149.12,146.86,159.36,162.16,158.94,239.2,242.1,239.1,43.75,44.47,43.545,31.8,32.565,31.64,97.99,99.82,97.61
2023-12-07,146.32,147.32,146.1,160.4,161.96,160.38,240.95,243.25,240.0,44.525,45.655,44.24,32.355,32.37,31.695,99.06,99.22,98.36
2023-12-08,146.78,148.18,146.52,161.5,162.78,161.36,242.9,243.8,241.4,45.18,45.495,44.83,31.755,31.945,31.505,98.65,101.56,98.54
2023-12-11,147.9,148.48,145.56,161.9,164.5,161.56,243.95,245.45,243.15,44.95,45.49,44.605,31.915,31.95,31.4,100.9,101.86,100.44
2023-12-12,146.1,147.42,144.8,164.8,165.86,163.12,244.6,246.25,243.7,45.5,46.05,45.4,31.54,31.59,31.15,101.66,102.16,100.94
2023-12-13,147.18,148.14,146.1,163.86,164.32,162.3,245.6,246.05,244.75,46.42,47.8,46.335,31.075,31.355,30.81,100.92,101.24,99.69
2023-12-14,146.96,147.44,141.24,165.34,167.56,165.18,243.7,244.55,237.95,48.455,49.175,47.875,31.48,32.16,31.45,101.58,103.96,101.2
2023-12-15,142.48,142.88,140.8,166.56,168.26,166.56,240.0,242.8,239.35,48.175,48.845,47.96,32.11,32.39,31.79,103.2,105.14,103.04
2023-12-18,141.48,141.96,140.76,165.52,166.66,163.32,240.2,242.0,240.2,48.005,48.995,47.935,32.05,32.36,31.82,102.4,102.56,100.86
2023-12-19,142.4,142.84,141.1,163.92,168.04,163.7,241.05,243.3,239.95,48.05,48.725,48.05,31.49,32.43,31.35,100.52,101.36,100.1
2023-12-20,140.58,141.04,139.06,168.5,169.7,167.68,242.95,243.5,241.8,48.6,48.91,48.36,32.405,32.8,32.215,101.32,101.86,100.28
2023-12-21,139.0,139.0,135.46,167.58,169.14,167.42,242.5,243.25,241.2,48.3,49.85,48.185,32.42,32.755,32.42,98.98,99.61,98.14
2023-12-22,138.4,138.5,137.32,167.82,168.62,167.42,242.0,242.95,241.85,48.3,48.6,48.155,32.505,32.89,32.475,99.63,100.82,99.56
2023-12-27,138.9,140.32,138.56,168.36,169.34,168.18,242.25,242.55,240.95,48.55,48.79,48.46,33.0,33.665,32.99,100.58,100.88,100.1
2023-12-28,140.1,140.52,139.42,169.26,169.44,168.34,242.15,242.7,240.55,48.8,48.95,48.535,33.75,33.815,33.42,100.74,101.04,100.32
2023-12-29,139.66,140.2,139.38,168.62,169.92,168.48,240.95,242.5,240.95,48.685,48.845,48.615,33.515,33.845,33.33,100.76,101.3,100.7
